account,date,classification,total_closedpnl,trades,win_rate,avg_pct_return,avg_score
0x083384f897ee0f19899168e3b1bec365f52a9012,2024-06-12,Greed,-175611.00005600002,33,0.0,-0.14485935430067523,72.0
0x083384f897ee0f19899168e3b1bec365f52a9012,2024-11-11,Extreme Greed,0.0,177,0.0,0.0,76.0
0x083384f897ee0f19899168e3b1bec365f52a9012,2025-01-03,Greed,9482.221441,45,0.8,0.11304630986648279,74.0
0x083384f897ee0f19899168e3b1bec365f52a9012,2025-02-02,Greed,76710.0,10,0.9,0.07446127541465544,60.0
0x083384f897ee0f19899168e3b1bec365f52a9012,2025-03-02,Fear,101011.685664,839,0.30512514898688914,0.007463170283952609,26.0
0x083384f897ee0f19899168e3b1bec365f52a9012,2025-03-03,Fear,533974.662903,641,0.8424336973478939,0.10619674297408695,33.0
0x083384f897ee0f19899168e3b1bec365f52a9012,2025-04-02,Fear,375620.270243,531,0.15630885122410546,0.04076124073219909,44.0
0x083384f897ee0f19899168e3b1bec365f52a9012,2025-05-02,Greed,44400.9058,210,0.37142857142857144,0.011335226707242805,67.0
0x23e7a7f8d14b550961925fbfdaa92f5d195ba5bd,2024-01-12,Greed,0.0,1,0.0,0.0,71.0
0x23e7a7f8d14b550961925fbfdaa92f5d195ba5bd,2024-06-12,Greed,0.0,34,0.0,0.0,72.0
0x23e7a7f8d14b550961925fbfdaa92f5d195ba5bd,2024-07-12,Fear,3515.031065,26,0.9615384615384616,0.06496144646639815,25.0
0x23e7a7f8d14b550961925fbfdaa92f5d195ba5bd,2024-09-12,Fear,0.0,46,0.0,0.0,31.0
0x23e7a7f8d14b550961925fbfdaa92f5d195ba5bd,2024-10-12,Neutral,2517.787385,64,0.984375,0.04569123200527136,49.0
0x23e7a7f8d14b550961925fbfdaa92f5d195ba5bd,2025-01-02,Greed,1162.002541,78,0.32051282051282054,0.004411133060184314,70.0
0x23e7a7f8d14b550961925fbfdaa92f5d195ba5bd,2025-01-05,Greed,1243.853569,250,0.324,0.003937155497819091,72.0
0x23e7a7f8d14b550961925fbfdaa92f5d195ba5bd,2025-02-02,Greed,6352.452613,517,0.4506769825918762,0.007734141682525667,60.0
0x23e7a7f8d14b550961925fbfdaa92f5d195ba5bd,2025-03-03,Fear,2480.902379,110,0.45454545454545453,0.007652052701206748,33.0
0x23e7a7f8d14b550961925fbfdaa92f5d195ba5bd,2025-03-04,Extreme Fear,0.0,1,0.0,0.0,15.0
0x23e7a7f8d14b550961925fbfdaa92f5d195ba5bd,2025-04-03,Fear,-3169.3554679999997,65,0.0,-0.008697375159600474,25.0
0x271b280974205ca63b716753467d5a371de622ab,2024-05-12,Greed,208.81746,4,0.75,0.001983509112136703,56.0
0x28736f43f1e871e6aa8b1148d38d4994275d72c4,2024-01-12,Greed,4458.25495,193,0.5025906735751295,0.205514637456862,71.0
0x28736f43f1e871e6aa8b1148d38d4994275d72c4,2024-02-12,Greed,1283.846047,140,0.5214285714285715,0.10594728817284853,70.0
0x28736f43f1e871e6aa8b1148d38d4994275d72c4,2024-03-12,Extreme Greed,1190.358719,78,0.47435897435897434,0.151880413897587,81.0
0x28736f43f1e871e6aa8b1148d38d4994275d72c4,2024-04-12,Extreme Greed,9066.169646,112,0.5357142857142857,0.2544792828017386,79.0
0x28736f43f1e871e6aa8b1148d38d4994275d72c4,2024-05-12,Greed,14685.787664,98,0.4897959183673469,0.3118717871091795,56.0
0x28736f43f1e871e6aa8b1148d38d4994275d72c4,2024-06-12,Greed,389.176232,69,0.2318840579710145,0.05404213706641301,72.0
0x28736f43f1e871e6aa8b1148d38d4994275d72c4,2024-07-12,Fear,4008.012049,86,0.4186046511627907,0.21094854434904062,25.0
0x28736f43f1e871e6aa8b1148d38d4994275d72c4,2024-08-12,Fear,554.009942,102,0.4215686274509804,0.08709012631358527,25.0
0x28736f43f1e871e6aa8b1148d38d4994275d72c4,2024-09-12,Fear,768.430838,213,0.5915492957746479,0.054823298984110105,31.0
0x28736f43f1e871e6aa8b1148d38d4994275d72c4,2024-10-12,Neutral,980.557461,157,0.6751592356687898,0.08800314140075732,49.0
0x28736f43f1e871e6aa8b1148d38d4994275d72c4,2024-11-12,Extreme Greed,1582.001112,93,0.34408602150537637,0.12182569527342228,80.0
0x28736f43f1e871e6aa8b1148d38d4994275d72c4,2024-12-12,Extreme Greed,5806.86932,147,0.5578231292517006,0.22316816356614722,83.0
0x28736f43f1e871e6aa8b1148d38d4994275d72c4,2025-01-01,Greed,109.82694000000001,59,0.3559322033898305,0.022345178843117236,66.0
0x28736f43f1e871e6aa8b1148d38d4994275d72c4,2025-01-02,Greed,3.536668000000001,51,0.4117647058823529,0.007013460443127494,70.0
0x28736f43f1e871e6aa8b1148d38d4994275d72c4,2025-01-03,Greed,557.9358,37,0.3783783783783784,0.012916583061668319,74.0
0x28736f43f1e871e6aa8b1148d38d4994275d72c4,2025-01-04,Greed,768.351892,41,0.6585365853658537,0.03218508555206948,73.0
0x28736f43f1e871e6aa8b1148d38d4994275d72c4,2025-01-05,Greed,16.923621,2,1.0,0.06252620040834583,72.0
0x28736f43f1e871e6aa8b1148d38d4994275d72c4,2025-02-01,Greed,416.546688,101,0.45544554455445546,0.023615229343017043,68.0
0x28736f43f1e871e6aa8b1148d38d4994275d72c4,2025-02-02,Greed,-1416.906536,91,0.054945054945054944,-0.06736106942898844,60.0
0x28736f43f1e871e6aa8b1148d38d4994275d72c4,2025-02-03,Fear,8330.21747,73,0.7671232876712328,0.05129113236865687,44.0
0x28736f43f1e871e6aa8b1148d38d4994275d72c4,2025-02-04,Greed,669.381363,70,0.6,0.043353597619927735,72.0
0x28736f43f1e871e6aa8b1148d38d4994275d72c4,2025-03-01,Extreme Fear,250.581483,69,0.5217391304347826,0.02584587870088,20.0
0x28736f43f1e871e6aa8b1148d38d4994275d72c4,2025-03-02,Fear,439.634046,75,0.6,0.006584092591106377,26.0
0x28736f43f1e871e6aa8b1148d38d4994275d72c4,2025-03-03,Fear,494.669357,58,0.3620689655172414,0.02182909038451564,33.0
0x28736f43f1e871e6aa8b1148d38d4994275d72c4,2025-03-04,Extreme Fear,149.51234499999998,85,0.11764705882352941,0.0014815538048823698,15.0
0x28736f43f1e871e6aa8b1148d38d4994275d72c4,2025-04-01,Fear,232.66549799999999,81,0.49382716049382713,0.038111675641431926,34.0
0x28736f43f1e871e6aa8b1148d38d4994275d72c4,2025-04-02,Fear,1291.500575,48,0.3541666666666667,0.015530763096769526,44.0
0x28736f43f1e871e6aa8b1148d38d4994275d72c4,2025-04-03,Fear,163.73415,43,0.3023255813953488,0.017803754098997496,25.0
0x28736f43f1e871e6aa8b1148d38d4994275d72c4,2025-04-04,Fear,498.73528200000004,100,0.56,0.03259355394499055,28.0
0x28736f43f1e871e6aa8b1148d38d4994275d72c4,2025-05-01,Neutral,87.752181,82,0.5365853658536586,0.025043213968840804,53.0
0x28736f43f1e871e6aa8b1148d38d4994275d72c4,2025-05-02,Greed,696.8107239999999,83,0.4457831325301205,0.012445000696641126,67.0
0x2c229d22b100a7beb69122eed721cee9b24011dd,2024-01-11,Extreme Greed,-0.09906000000000104,14,0.2857142857142857,0.00026538507521026253,76.0
0x2c229d22b100a7beb69122eed721cee9b24011dd,2024-02-12,Greed,16196.864846,53,0.5660377358490566,0.13850085673626292,70.0
0x2c229d22b100a7beb69122eed721cee9b24011dd,2024-03-12,Extreme Greed,121.535562,59,0.23728813559322035,0.0009549315372867461,81.0
0x2c229d22b100a7beb69122eed721cee9b24011dd,2024-04-12,Extreme Greed,7591.307059,37,0.6756756756756757,0.04490892415118124,79.0
0x2c229d22b100a7beb69122eed721cee9b24011dd,2024-05-12,Greed,2069.92634,33,0.9090909090909091,0.11792559915801601,56.0
0x2c229d22b100a7beb69122eed721cee9b24011dd,2024-06-11,Greed,-3.41119,3,0.0,-0.002007815776026375,74.0
0x2c229d22b100a7beb69122eed721cee9b24011dd,2024-06-12,Greed,-123.870122,9,0.0,-0.003775669346826765,72.0
0x2c229d22b100a7beb69122eed721cee9b24011dd,2024-08-11,Fear,-710.786946,15,0.0,-0.033770386341327695,39.0
0x2c229d22b100a7beb69122eed721cee9b24011dd,2024-10-12,Neutral,130.883691,12,0.5833333333333334,0.00787331833409802,49.0
0x2c229d22b100a7beb69122eed721cee9b24011dd,2024-11-12,Extreme Greed,8544.6855,19,0.5263157894736842,0.06690380486950769,80.0
0x2c229d22b100a7beb69122eed721cee9b24011dd,2024-12-12,Extreme Greed,7639.595794,62,0.6290322580645161,0.028381151504163954,83.0
0x2c229d22b100a7beb69122eed721cee9b24011dd,2025-01-02,Greed,88.50699399999999,21,0.5714285714285714,0.0011706842622308642,70.0
0x2c229d22b100a7beb69122eed721cee9b24011dd,2025-01-04,Greed,1334.414834,9,0.4444444444444444,0.1074963092913985,73.0
0x2c229d22b100a7beb69122eed721cee9b24011dd,2025-02-04,Greed,1.1031579999999999,6,0.3333333333333333,0.0006974950430674114,72.0
0x2c229d22b100a7beb69122eed721cee9b24011dd,2025-03-04,Extreme Fear,160.127816,26,0.7307692307692307,0.010983744634723317,15.0
0x3998f134d6aaa2b6a5f723806d00fd2bbbbce891,2023-01-05,Fear,0.0,3,0.0,0.0,29.0
0x3998f134d6aaa2b6a5f723806d00fd2bbbbce891,2024-01-08,Greed,0.0,1,0.0,0.0,71.0
0x3998f134d6aaa2b6a5f723806d00fd2bbbbce891,2024-01-12,Greed,13.566929,3,0.6666666666666666,0.5935417617449664,71.0
0x3998f134d6aaa2b6a5f723806d00fd2bbbbce891,2024-02-12,Greed,0.0,1,0.0,,70.0
0x3998f134d6aaa2b6a5f723806d00fd2bbbbce891,2024-03-08,Extreme Greed,0.0,1,0.0,0.0,81.0
0x3998f134d6aaa2b6a5f723806d00fd2bbbbce891,2024-04-08,Extreme Greed,0.0,1,0.0,0.0,76.0
0x3998f134d6aaa2b6a5f723806d00fd2bbbbce891,2024-05-09,Greed,0.0,1,0.0,0.0,55.0
0x3998f134d6aaa2b6a5f723806d00fd2bbbbce891,2024-06-08,Greed,215.754798,27,0.2962962962962963,0.28642946910177935,72.0
0x3998f134d6aaa2b6a5f723806d00fd2bbbbce891,2024-07-08,Fear,0.0,11,0.0,0.0,28.0
0x3998f134d6aaa2b6a5f723806d00fd2bbbbce891,2024-11-01,Extreme Greed,0.0,2,0.0,0.0,75.0
0x39cef799f8b69da1995852eea189df24eb5cae3c,2024-01-12,Greed,0.0,1,0.0,0.0,71.0
0x39cef799f8b69da1995852eea189df24eb5cae3c,2024-03-12,Extreme Greed,0.0,1,0.0,0.0,81.0
0x39cef799f8b69da1995852eea189df24eb5cae3c,2024-05-12,Greed,0.0,6,0.0,0.0,56.0
0x39cef799f8b69da1995852eea189df24eb5cae3c,2024-06-12,Greed,0.0,20,0.0,0.0,72.0
0x39cef799f8b69da1995852eea189df24eb5cae3c,2024-09-12,Fear,483.662076,8,1.0,0.100245,31.0
0x39cef799f8b69da1995852eea189df24eb5cae3c,2024-10-12,Neutral,0.0,3,0.0,0.0,49.0
0x39cef799f8b69da1995852eea189df24eb5cae3c,2024-11-12,Extreme Greed,3721.345649,4,1.0,0.02325111521298708,80.0
0x39cef799f8b69da1995852eea189df24eb5cae3c,2024-12-11,Greed,0.0,2,0.0,0.0,74.0
0x39cef799f8b69da1995852eea189df24eb5cae3c,2025-01-01,Greed,-9655.676981,12,0.4166666666666667,-0.01673282394564746,66.0
0x39cef799f8b69da1995852eea189df24eb5cae3c,2025-03-01,Extreme Fear,0.0,1,0.0,0.0,20.0
0x39cef799f8b69da1995852eea189df24eb5cae3c,2025-03-04,Extreme Fear,0.0,142,0.0,0.0,15.0
0x39cef799f8b69da1995852eea189df24eb5cae3c,2025-04-03,Fear,863.956464,63,0.47619047619047616,0.00964814267815096,25.0
0x39cef799f8b69da1995852eea189df24eb5cae3c,2025-04-04,Fear,266.39774,34,1.0,0.0003956981011085897,28.0
0x3f9a0aadc7f04a7c9d75dc1b5a6ddd6e36486cf6,2024-02-12,Greed,0.0,1,0.0,0.0,70.0
0x3f9a0aadc7f04a7c9d75dc1b5a6ddd6e36486cf6,2024-03-10,Extreme Greed,100.375782,5,0.6,0.009195100744894864,79.0
0x3f9a0aadc7f04a7c9d75dc1b5a6ddd6e36486cf6,2024-03-11,Extreme Greed,0.0,2,0.0,0.0,82.0
0x3f9a0aadc7f04a7c9d75dc1b5a6ddd6e36486cf6,2024-04-11,Extreme Greed,540.05911,10,1.0,0.027545247431460373,76.0
0x3f9a0aadc7f04a7c9d75dc1b5a6ddd6e36486cf6,2024-07-11,Fear,503.46257599999996,16,0.6875,0.022066282198989144,29.0
0x3f9a0aadc7f04a7c9d75dc1b5a6ddd6e36486cf6,2024-10-11,Fear,0.0,1,0.0,0.0,32.0
0x3f9a0aadc7f04a7c9d75dc1b5a6ddd6e36486cf6,2024-11-11,Extreme Greed,393.07947,4,1.0,0.038555425240877,76.0
0x3f9a0aadc7f04a7c9d75dc1b5a6ddd6e36486cf6,2024-12-11,Greed,0.0,4,0.0,0.0,74.0
0x3f9a0aadc7f04a7c9d75dc1b5a6ddd6e36486cf6,2025-04-04,Fear,0.0,1,0.0,0.0,28.0
0x420ab45e0bd8863569a5efbb9c05d91f40624641,2024-06-12,Greed,0.0,45,0.0,0.0,72.0
0x420ab45e0bd8863569a5efbb9c05d91f40624641,2024-12-12,Extreme Greed,1762.46,10,1.0,0.02653871910820573,83.0
0x430f09841d65beb3f27765503d0f850b8bce7713,2024-05-10,Greed,0.0,1,0.0,0.0,66.0
0x430f09841d65beb3f27765503d0f850b8bce7713,2024-09-08,Fear,0.0,1,0.0,0.0,29.0
0x430f09841d65beb3f27765503d0f850b8bce7713,2024-10-08,Neutral,0.0,1,0.0,0.0,49.0
0x430f09841d65beb3f27765503d0f850b8bce7713,2024-11-09,Extreme Greed,0.0,1,0.0,0.0,75.0
0x430f09841d65beb3f27765503d0f850b8bce7713,2024-11-10,Extreme Greed,0.0,1,0.0,0.0,78.0
0x430f09841d65beb3f27765503d0f850b8bce7713,2024-12-08,Extreme Greed,0.0,1,0.0,0.0,79.0
0x47add9a56df66b524d5e2c1993a43cde53b6ed85,2024-01-12,Greed,197.422418,4,0.5,0.13707864772000983,71.0
0x47add9a56df66b524d5e2c1993a43cde53b6ed85,2024-03-12,Extreme Greed,30.727222,42,0.023809523809523808,0.0016722297687074832,81.0
0x47add9a56df66b524d5e2c1993a43cde53b6ed85,2024-04-12,Extreme Greed,910.584797,102,0.13725490196078433,0.00989262223865551,79.0
0x47add9a56df66b524d5e2c1993a43cde53b6ed85,2024-05-12,Greed,3174.023699,290,0.36551724137931035,0.015213010172110136,56.0
0x47add9a56df66b524d5e2c1993a43cde53b6ed85,2024-06-12,Greed,514.886454,108,0.2962962962962963,0.003881622509331786,72.0
0x47add9a56df66b524d5e2c1993a43cde53b6ed85,2024-07-12,Fear,1040.616939,180,0.35,0.008325808062568748,25.0
0x47add9a56df66b524d5e2c1993a43cde53b6ed85,2024-08-12,Fear,227.072158,69,0.36231884057971014,0.008197696699766261,25.0
0x47add9a56df66b524d5e2c1993a43cde53b6ed85,2024-09-12,Fear,311.290605,55,0.34545454545454546,0.019640909669076695,31.0
0x47add9a56df66b524d5e2c1993a43cde53b6ed85,2024-10-12,Neutral,1474.670598,182,0.36813186813186816,0.030826704534279853,49.0
0x47add9a56df66b524d5e2c1993a43cde53b6ed85,2024-11-12,Extreme Greed,1157.689489,325,0.3353846153846154,0.012174205046892128,80.0
0x47add9a56df66b524d5e2c1993a43cde53b6ed85,2024-12-12,Extreme Greed,574.398074,159,0.2893081761006289,0.015793268265055276,83.0
0x47add9a56df66b524d5e2c1993a43cde53b6ed85,2025-01-01,Greed,17.784696,16,0.1875,0.005540916330859678,66.0
0x47add9a56df66b524d5e2c1993a43cde53b6ed85,2025-01-02,Greed,526.448209,33,0.696969696969697,0.054045291191306105,70.0
0x47add9a56df66b524d5e2c1993a43cde53b6ed85,2025-01-03,Greed,109.593094,27,0.4444444444444444,0.01882282163517883,74.0
0x47add9a56df66b524d5e2c1993a43cde53b6ed85,2025-01-04,Greed,-680.287463,19,0.3157894736842105,-0.21520261801323698,73.0
0x47add9a56df66b524d5e2c1993a43cde53b6ed85,2025-01-05,Greed,37.385304,7,0.14285714285714285,0.05801387914714006,72.0
0x47add9a56df66b524d5e2c1993a43cde53b6ed85,2025-02-01,Greed,677.276764,90,0.4777777777777778,0.013807001140591846,68.0
0x47add9a56df66b524d5e2c1993a43cde53b6ed85,2025-02-02,Greed,-782.6517170000001,108,0.25,0.004897930066023675,60.0
0x47add9a56df66b524d5e2c1993a43cde53b6ed85,2025-02-03,Fear,349.12092600000005,21,0.38095238095238093,0.007637106375445703,44.0
0x47add9a56df66b524d5e2c1993a43cde53b6ed85,2025-02-04,Greed,93.006465,4,0.75,0.09049048002137816,72.0
0x47add9a56df66b524d5e2c1993a43cde53b6ed85,2025-03-01,Extreme Fear,846.655814,102,0.23529411764705882,0.014283000607812487,20.0
0x47add9a56df66b524d5e2c1993a43cde53b6ed85,2025-03-02,Fear,2440.916534,182,0.4010989010989011,0.03557626574696311,26.0
0x47add9a56df66b524d5e2c1993a43cde53b6ed85,2025-03-03,Fear,376.017126,33,0.36363636363636365,0.02242352359094922,33.0
0x47add9a56df66b524d5e2c1993a43cde53b6ed85,2025-03-04,Extreme Fear,7.052034,14,0.14285714285714285,0.0011847609044015296,15.0
0x47add9a56df66b524d5e2c1993a43cde53b6ed85,2025-04-01,Fear,73.451675,57,0.2631578947368421,0.008337152137887894,34.0
0x47add9a56df66b524d5e2c1993a43cde53b6ed85,2025-04-02,Fear,874.3810560000001,34,0.47058823529411764,0.07640968497107935,44.0
0x47add9a56df66b524d5e2c1993a43cde53b6ed85,2025-04-03,Fear,444.266681,32,0.21875,0.03210367915847587,25.0
0x47add9a56df66b524d5e2c1993a43cde53b6ed85,2025-04-04,Fear,0.0,2,0.0,0.0,28.0
0x47add9a56df66b524d5e2c1993a43cde53b6ed85,2025-05-01,Neutral,8.594753,38,0.10526315789473684,0.0032366333277351494,53.0
0x47add9a56df66b524d5e2c1993a43cde53b6ed85,2025-05-02,Greed,32.72269,3,0.3333333333333333,0.04438118294882749,67.0
0x4acb90e786d897ecffb614dc822eb231b4ffb9f4,2025-02-04,Greed,444.205198,16,0.625,0.0008629674297355915,72.0
0x4acb90e786d897ecffb614dc822eb231b4ffb9f4,2025-03-03,Fear,0.0,19,0.0,0.0,33.0
0x4acb90e786d897ecffb614dc822eb231b4ffb9f4,2025-03-04,Extreme Fear,0.0,60,0.0,0.0,15.0
0x4acb90e786d897ecffb614dc822eb231b4ffb9f4,2025-04-03,Fear,0.0,155,0.0,0.0,25.0
0x4acb90e786d897ecffb614dc822eb231b4ffb9f4,2025-04-04,Fear,0.0,51,0.0,0.0,28.0
0x4f93fead39b70a1824f981a54d4e55b278e9f760,2024-01-04,Greed,0.840939,29,0.06896551724137931,3.2225113904847808e-06,68.0
0x4f93fead39b70a1824f981a54d4e55b278e9f760,2024-01-05,Greed,0.0,14,0.0,0.0,72.0
0x4f93fead39b70a1824f981a54d4e55b278e9f760,2024-01-07,Greed,1202.488212,13,0.6923076923076923,0.02026189211563495,71.0
0x4f93fead39b70a1824f981a54d4e55b278e9f760,2024-01-08,Greed,0.0,13,0.0,0.0,71.0
0x4f93fead39b70a1824f981a54d4e55b278e9f760,2024-01-10,Greed,0.0,4,0.0,0.0,73.0
0x4f93fead39b70a1824f981a54d4e55b278e9f760,2024-01-11,Extreme Greed,1040.5747959999999,9,0.2222222222222222,0.002288544103308211,76.0
0x4f93fead39b70a1824f981a54d4e55b278e9f760,2024-01-12,Greed,337.835516,27,0.5925925925925926,0.0005589458675913625,71.0
0x4f93fead39b70a1824f981a54d4e55b278e9f760,2024-02-04,Greed,883.760812,37,0.32432432432432434,0.0033850475318288414,60.0
0x4f93fead39b70a1824f981a54d4e55b278e9f760,2024-02-08,Greed,0.0,36,0.0,0.0,66.0
0x4f93fead39b70a1824f981a54d4e55b278e9f760,2024-02-09,Greed,0.0,2,0.0,0.0,72.0
0x4f93fead39b70a1824f981a54d4e55b278e9f760,2024-02-10,Greed,0.0,4,0.0,0.0,74.0
0x4f93fead39b70a1824f981a54d4e55b278e9f760,2024-02-11,Greed,0.0,2,0.0,0.0,71.0
0x4f93fead39b70a1824f981a54d4e55b278e9f760,2024-02-12,Greed,754.7378,17,0.35294117647058826,0.0016832101116128592,70.0
0x4f93fead39b70a1824f981a54d4e55b278e9f760,2024-03-05,Extreme Greed,5319.861625,23,0.6956521739130435,0.014967920461002327,90.0
0x4f93fead39b70a1824f981a54d4e55b278e9f760,2024-03-07,Extreme Greed,1118.387284,10,0.4,0.015488573585437182,82.0
0x4f93fead39b70a1824f981a54d4e55b278e9f760,2024-03-08,Extreme Greed,0.0,13,0.0,0.0,81.0
0x4f93fead39b70a1824f981a54d4e55b278e9f760,2024-03-10,Extreme Greed,0.0,4,0.0,0.0,79.0
0x4f93fead39b70a1824f981a54d4e55b278e9f760,2024-03-11,Extreme Greed,0.0,4,0.0,0.0,82.0
0x4f93fead39b70a1824f981a54d4e55b278e9f760,2024-03-12,Extreme Greed,1467.1002210000001,9,0.4444444444444444,0.004306827818567588,81.0
0x4f93fead39b70a1824f981a54d4e55b278e9f760,2024-04-04,Greed,0.0,32,0.0,0.0,70.0
0x4f93fead39b70a1824f981a54d4e55b278e9f760,2024-04-05,Extreme Greed,0.0,6,0.0,0.0,79.0
0x4f93fead39b70a1824f981a54d4e55b278e9f760,2024-04-07,Extreme Greed,0.0,14,0.0,0.0,78.0
0x4f93fead39b70a1824f981a54d4e55b278e9f760,2024-04-08,Extreme Greed,-108604.496278,72,0.0,-0.12281571253079895,76.0
0x4f93fead39b70a1824f981a54d4e55b278e9f760,2024-04-09,Extreme Greed,0.0,1,0.0,0.0,80.0
0x4f93fead39b70a1824f981a54d4e55b278e9f760,2024-04-11,Extreme Greed,2259.351364,26,0.5,0.003923641377910684,76.0
0x4f93fead39b70a1824f981a54d4e55b278e9f760,2024-04-12,Extreme Greed,291.35271,13,0.23076923076923078,0.0018823474913217816,79.0
0x4f93fead39b70a1824f981a54d4e55b278e9f760,2024-05-04,Greed,4444.4983010000005,10,0.7,0.02016138244007353,67.0
0x4f93fead39b70a1824f981a54d4e55b278e9f760,2024-05-05,Greed,0.0,4,0.0,0.0,69.0
0x4f93fead39b70a1824f981a54d4e55b278e9f760,2024-05-07,Greed,0.0,20,0.0,0.0,68.0
0x4f93fead39b70a1824f981a54d4e55b278e9f760,2024-05-08,Greed,-4779.219012,17,0.0,-0.004982805429864254,64.0
0x4f93fead39b70a1824f981a54d4e55b278e9f760,2024-05-10,Greed,5767.161892,36,0.6666666666666666,0.007164583359197046,66.0
0x4f93fead39b70a1824f981a54d4e55b278e9f760,2024-05-11,Neutral,678.4759280000001,10,0.5,0.002252125725173517,53.0
0x4f93fead39b70a1824f981a54d4e55b278e9f760,2024-05-12,Greed,1435.68724,19,0.10526315789473684,0.0007513029970081125,56.0
0x4f93fead39b70a1824f981a54d4e55b278e9f760,2024-06-04,Greed,236.33513399999998,16,0.25,0.0032468692553715675,73.0
0x4f93fead39b70a1824f981a54d4e55b278e9f760,2024-06-05,Extreme Greed,968.59038,9,0.4444444444444444,0.0032080130253111993,75.0
0x4f93fead39b70a1824f981a54d4e55b278e9f760,2024-06-09,Extreme Greed,0.0,4,0.0,0.0,75.0
0x4f93fead39b70a1824f981a54d4e55b278e9f760,2024-06-10,Greed,130.487079,22,0.22727272727272727,0.0004957358047129574,72.0
0x4f93fead39b70a1824f981a54d4e55b278e9f760,2024-06-11,Greed,2821.24842,12,0.5833333333333334,0.03262260544712804,74.0
0x4f93fead39b70a1824f981a54d4e55b278e9f760,2024-06-12,Greed,7206.315268,59,0.3559322033898305,0.003361383963350032,72.0
0x4f93fead39b70a1824f981a54d4e55b278e9f760,2024-07-04,Fear,0.0,23,0.0,0.0,44.0
0x4f93fead39b70a1824f981a54d4e55b278e9f760,2024-07-05,Fear,656.21704,10,0.7,0.00888646852557141,29.0
0x4f93fead39b70a1824f981a54d4e55b278e9f760,2024-07-06,Fear,7329.223137999999,52,0.5769230769230769,0.007364285584540692,26.0
0x4f93fead39b70a1824f981a54d4e55b278e9f760,2024-07-10,Fear,0.0,21,0.0,0.0,28.0
0x4f93fead39b70a1824f981a54d4e55b278e9f760,2024-07-11,Fear,628.96246,2,0.5,0.010267463974395432,29.0
0x4f93fead39b70a1824f981a54d4e55b278e9f760,2024-07-12,Fear,2342.996384,4,1.0,0.011804609718442785,25.0
0x4f93fead39b70a1824f981a54d4e55b278e9f760,2024-08-04,Fear,0.0,28,0.0,0.0,34.0
0x4f93fead39b70a1824f981a54d4e55b278e9f760,2024-08-05,Fear,0.0,10,0.0,0.0,26.0
0x4f93fead39b70a1824f981a54d4e55b278e9f760,2024-08-06,Extreme Fear,0.0,7,0.0,0.0,17.0
0x4f93fead39b70a1824f981a54d4e55b278e9f760,2024-08-10,Fear,5396.546638,35,0.9428571428571428,0.0123119791151562,40.0
0x4f93fead39b70a1824f981a54d4e55b278e9f760,2024-08-11,Fear,646.3734049999999,24,0.25,0.0013367609994043607,39.0
0x4f93fead39b70a1824f981a54d4e55b278e9f760,2024-08-12,Fear,0.0,7,0.0,0.0,25.0
0x4f93fead39b70a1824f981a54d4e55b278e9f760,2024-09-04,Fear,0.0,3,0.0,0.0,27.0
0x4f93fead39b70a1824f981a54d4e55b278e9f760,2024-09-05,Fear,1147.595856,25,0.44,0.00371325798757357,29.0
0x4f93fead39b70a1824f981a54d4e55b278e9f760,2024-09-06,Extreme Fear,0.0,5,0.0,0.0,22.0
0x4f93fead39b70a1824f981a54d4e55b278e9f760,2024-09-08,Fear,11147.900554,12,0.75,0.07460923503816556,29.0
0x4f93fead39b70a1824f981a54d4e55b278e9f760,2024-09-10,Fear,396.06272,14,0.21428571428571427,0.0014052198741358703,33.0
0x4f93fead39b70a1824f981a54d4e55b278e9f760,2024-09-11,Fear,0.0,9,0.0,0.0,37.0
0x4f93fead39b70a1824f981a54d4e55b278e9f760,2024-09-12,Fear,2350.499742,17,0.4117647058823529,0.004559211512969131,31.0
0x4f93fead39b70a1824f981a54d4e55b278e9f760,2024-10-04,Fear,5207.443414,41,0.8780487804878049,0.013949471915401872,41.0
0x4f93fead39b70a1824f981a54d4e55b278e9f760,2024-10-05,Neutral,2101.741695,22,0.2727272727272727,0.009406217526489341,49.0
0x4f93fead39b70a1824f981a54d4e55b278e9f760,2024-10-06,Neutral,0.0,4,0.0,0.0,50.0
0x4f93fead39b70a1824f981a54d4e55b278e9f760,2024-10-07,Neutral,11595.627026,43,0.7674418604651163,0.014534231580565476,50.0
0x4f93fead39b70a1824f981a54d4e55b278e9f760,2024-10-10,Fear,0.0,16,0.0,0.0,39.0
0x4f93fead39b70a1824f981a54d4e55b278e9f760,2024-10-11,Fear,548.36595,8,0.75,0.0027312059877309496,32.0
0x4f93fead39b70a1824f981a54d4e55b278e9f760,2024-10-12,Neutral,3986.312514,36,0.3333333333333333,0.005853201342085976,49.0
0x4f93fead39b70a1824f981a54d4e55b278e9f760,2024-11-04,Greed,389.743164,16,0.125,0.001997155486411823,70.0
0x4f93fead39b70a1824f981a54d4e55b278e9f760,2024-11-05,Greed,251.604742,9,1.0,0.003969500639528391,70.0
0x4f93fead39b70a1824f981a54d4e55b278e9f760,2024-11-06,Greed,0.0,21,0.0,0.0,70.0
0x4f93fead39b70a1824f981a54d4e55b278e9f760,2024-11-07,Extreme Greed,1876.812082,19,0.47368421052631576,0.010351711714543226,77.0
0x4f93fead39b70a1824f981a54d4e55b278e9f760,2024-11-08,Extreme Greed,847.7766200000001,8,0.5,0.020344942643942508,75.0
0x4f93fead39b70a1824f981a54d4e55b278e9f760,2024-11-10,Extreme Greed,8885.327477,25,0.72,0.014915537587854995,78.0
0x4f93fead39b70a1824f981a54d4e55b278e9f760,2024-11-11,Extreme Greed,1479.677222,20,0.45,0.004516586167463453,76.0
0x4f93fead39b70a1824f981a54d4e55b278e9f760,2024-11-12,Extreme Greed,1083.777057,30,0.26666666666666666,0.0015589464292584754,80.0
0x4f93fead39b70a1824f981a54d4e55b278e9f760,2024-12-04,Extreme Greed,0.0,21,0.0,0.0,78.0
0x4f93fead39b70a1824f981a54d4e55b278e9f760,2024-12-05,Extreme Greed,0.0,10,0.0,0.0,84.0
0x4f93fead39b70a1824f981a54d4e55b278e9f760,2024-12-07,Extreme Greed,0.0,10,0.0,0.0,75.0
0x4f93fead39b70a1824f981a54d4e55b278e9f760,2024-12-08,Extreme Greed,858.6705000000001,16,0.375,0.016823212929542985,79.0
0x4f93fead39b70a1824f981a54d4e55b278e9f760,2024-12-10,Extreme Greed,541.55471,10,0.7,0.0037782590767500776,78.0
0x4f93fead39b70a1824f981a54d4e55b278e9f760,2024-12-11,Greed,2053.119744,74,0.16216216216216217,0.0011460478479558304,74.0
0x4f93fead39b70a1824f981a54d4e55b278e9f760,2024-12-12,Extreme Greed,0.0,31,0.0,0.0,83.0
0x4f93fead39b70a1824f981a54d4e55b278e9f760,2025-01-01,Greed,0.0,1,0.0,0.0,66.0
0x4f93fead39b70a1824f981a54d4e55b278e9f760,2025-01-02,Greed,0.0,4,0.0,0.0,70.0
0x4f93fead39b70a1824f981a54d4e55b278e9f760,2025-01-04,Greed,1402.082488,20,0.4,0.008197381102021674,73.0
0x4f93fead39b70a1824f981a54d4e55b278e9f760,2025-01-05,Greed,1220.746604,14,0.5,0.008013116273272784,72.0
0x4f93fead39b70a1824f981a54d4e55b278e9f760,2025-02-01,Greed,2399.9471460000004,19,0.42105263157894735,0.005230139747493113,68.0
0x4f93fead39b70a1824f981a54d4e55b278e9f760,2025-02-02,Greed,0.0,30,0.0,0.0,60.0
0x4f93fead39b70a1824f981a54d4e55b278e9f760,2025-02-03,Fear,11005.991600000001,26,0.8076923076923077,0.008319626929912304,44.0
0x4f93fead39b70a1824f981a54d4e55b278e9f760,2025-02-04,Greed,0.0,1,0.0,0.0,72.0
0x4f93fead39b70a1824f981a54d4e55b278e9f760,2025-03-01,Extreme Fear,3084.287743,48,0.6041666666666666,0.005369746329525686,20.0
0x4f93fead39b70a1824f981a54d4e55b278e9f760,2025-03-03,Fear,1136.272279,12,0.5,0.003132425452472497,33.0
0x4f93fead39b70a1824f981a54d4e55b278e9f760,2025-03-04,Extreme Fear,0.0,9,0.0,0.0,15.0
0x4f93fead39b70a1824f981a54d4e55b278e9f760,2025-04-01,Fear,0.0,14,0.0,0.0,34.0
0x4f93fead39b70a1824f981a54d4e55b278e9f760,2025-04-02,Fear,6403.5061239999995,9,1.0,0.007448715071181968,44.0
0x4f93fead39b70a1824f981a54d4e55b278e9f760,2025-04-03,Fear,8002.939313,59,0.4745762711864407,0.006148875928735771,25.0
0x4f93fead39b70a1824f981a54d4e55b278e9f760,2025-04-04,Fear,4591.427138999999,21,0.6190476190476191,0.009329601135294742,28.0
0x4f93fead39b70a1824f981a54d4e55b278e9f760,2025-05-01,Neutral,890.33157,19,0.21052631578947367,0.0009649325217151853,53.0
0x4f93fead39b70a1824f981a54d4e55b278e9f760,2025-05-02,Greed,0.0,9,0.0,0.0,67.0
0x513b8629fe877bb581bf244e326a047b249c4ff1,2024-09-12,Fear,0.0,42,0.0,0.0,31.0
0x513b8629fe877bb581bf244e326a047b249c4ff1,2024-12-12,Extreme Greed,0.0,89,0.0,0.0,83.0
0x513b8629fe877bb581bf244e326a047b249c4ff1,2025-01-04,Greed,0.0,13,0.0,0.0,73.0
0x513b8629fe877bb581bf244e326a047b249c4ff1,2025-01-05,Greed,60544.304874,329,0.7173252279635258,0.006943659093203706,72.0
0x513b8629fe877bb581bf244e326a047b249c4ff1,2025-03-04,Extreme Fear,0.0,49,0.0,0.0,15.0
0x6d6a4b953f202f8df5bed40692e7fd865318264a,2024-11-12,Extreme Greed,698.009722,8,1.0,0.6380518225217007,80.0
0x6d6a4b953f202f8df5bed40692e7fd865318264a,2024-12-12,Extreme Greed,362.84131,4,1.0,0.6816031610491005,83.0
0x6d6a4b953f202f8df5bed40692e7fd865318264a,2025-01-02,Greed,0.0,5,0.0,0.0,70.0
0x6d6a4b953f202f8df5bed40692e7fd865318264a,2025-01-04,Greed,132.71954399999998,14,0.2857142857142857,0.01350071467210838,73.0
0x6d6a4b953f202f8df5bed40692e7fd865318264a,2025-02-04,Greed,234.497751,34,0.2647058823529412,0.00840423674885101,72.0
0x6d6a4b953f202f8df5bed40692e7fd865318264a,2025-03-04,Extreme Fear,298.031364,20,0.25,0.010031274573105578,15.0
0x6d6a4b953f202f8df5bed40692e7fd865318264a,2025-04-04,Fear,392.35488599999996,60,0.15,0.00525632953816275,28.0
0x72743ae2822edd658c0c50608fd7c5c501b2afbd,2025-04-01,Fear,0.0,141,0.0,0.0,34.0
0x72c6a4624e1dffa724e6d00d64ceae698af892a0,2024-12-12,Extreme Greed,0.0,17,0.0,0.0,83.0
0x72c6a4624e1dffa724e6d00d64ceae698af892a0,2025-01-03,Greed,0.0,14,0.0,0.0,74.0
0x72c6a4624e1dffa724e6d00d64ceae698af892a0,2025-02-01,Greed,0.0,3,0.0,0.0,68.0
0x72c6a4624e1dffa724e6d00d64ceae698af892a0,2025-02-02,Greed,0.0,37,0.0,0.0,60.0
0x72c6a4624e1dffa724e6d00d64ceae698af892a0,2025-02-03,Fear,10915.212,25,1.0,0.3196223925469488,44.0
0x72c6a4624e1dffa724e6d00d64ceae698af892a0,2025-03-01,Extreme Fear,0.0,6,0.0,0.0,20.0
0x72c6a4624e1dffa724e6d00d64ceae698af892a0,2025-03-03,Fear,17247.427499999998,16,0.625,0.20860590735881282,33.0
0x72c6a4624e1dffa724e6d00d64ceae698af892a0,2025-04-01,Fear,0.0,1,0.0,0.0,34.0
0x72c6a4624e1dffa724e6d00d64ceae698af892a0,2025-04-02,Fear,0.0,1,0.0,0.0,44.0
0x72c6a4624e1dffa724e6d00d64ceae698af892a0,2025-04-03,Fear,169132.29611,155,0.4967741935483871,0.1383960045623539,25.0
0x72c6a4624e1dffa724e6d00d64ceae698af892a0,2025-05-01,Neutral,0.0,8,0.0,0.0,53.0
0x75f7eeb85dc639d5e99c78f95393aa9a5f1170d4,2024-01-03,Greed,8244.241409,137,0.9343065693430657,0.032565632189562016,70.0
0x75f7eeb85dc639d5e99c78f95393aa9a5f1170d4,2024-01-04,Greed,2507.122467,48,0.8333333333333334,0.02658365103242574,68.0
0x75f7eeb85dc639d5e99c78f95393aa9a5f1170d4,2024-02-03,Greed,1674.715167,24,0.875,0.046147254344421546,60.0
0x75f7eeb85dc639d5e99c78f95393aa9a5f1170d4,2024-03-03,Extreme Greed,8361.086245,79,0.6835443037974683,0.030771225346884094,83.0
0x75f7eeb85dc639d5e99c78f95393aa9a5f1170d4,2024-03-04,Extreme Greed,126.7884,2,0.5,0.018074671760731038,82.0
0x75f7eeb85dc639d5e99c78f95393aa9a5f1170d4,2024-03-05,Extreme Greed,-13.844579999999999,7,0.14285714285714285,-0.02424379582080551,90.0
0x75f7eeb85dc639d5e99c78f95393aa9a5f1170d4,2024-04-03,Greed,26773.771643,287,0.8815331010452961,0.032686441424666854,71.0
0x75f7eeb85dc639d5e99c78f95393aa9a5f1170d4,2024-05-03,Neutral,19791.026041,180,0.9055555555555556,0.039797158258725804,48.0
0x75f7eeb85dc639d5e99c78f95393aa9a5f1170d4,2024-05-04,Greed,5296.433789,82,0.9146341463414634,0.02234320643820952,67.0
0x75f7eeb85dc639d5e99c78f95393aa9a5f1170d4,2024-05-05,Greed,0.916,2,0.5,0.011255836814942247,69.0
0x75f7eeb85dc639d5e99c78f95393aa9a5f1170d4,2024-06-03,Greed,6814.825139,82,0.8780487804878049,0.037987678068311076,73.0
0x75f7eeb85dc639d5e99c78f95393aa9a5f1170d4,2024-07-05,Fear,0.0,1,0.0,0.0,29.0
0x75f7eeb85dc639d5e99c78f95393aa9a5f1170d4,2024-08-03,Fear,4271.886236,67,0.8805970149253731,0.04671013227675114,37.0
0x75f7eeb85dc639d5e99c78f95393aa9a5f1170d4,2024-08-04,Fear,1218.4267,2,0.5,0.025620968949344604,34.0
0x75f7eeb85dc639d5e99c78f95393aa9a5f1170d4,2024-08-05,Fear,1.56576,3,0.3333333333333333,0.014205762514260803,26.0
0x75f7eeb85dc639d5e99c78f95393aa9a5f1170d4,2024-09-03,Fear,9949.501624,117,0.8290598290598291,0.024770725021437116,26.0
0x75f7eeb85dc639d5e99c78f95393aa9a5f1170d4,2024-09-12,Fear,0.01574,7,0.42857142857142855,0.00020689421131034192,31.0
0x75f7eeb85dc639d5e99c78f95393aa9a5f1170d4,2024-10-03,Fear,2482.9272,42,0.6904761904761905,0.027981615753706078,37.0
0x75f7eeb85dc639d5e99c78f95393aa9a5f1170d4,2024-10-12,Neutral,3634.56814,153,0.9607843137254902,0.037007373548705716,49.0
0x75f7eeb85dc639d5e99c78f95393aa9a5f1170d4,2024-11-03,Greed,3588.179495,42,0.9285714285714286,0.04148491220115215,74.0
0x75f7eeb85dc639d5e99c78f95393aa9a5f1170d4,2024-11-12,Extreme Greed,1567.4026840000001,23,0.34782608695652173,0.019738132587476583,80.0
0x75f7eeb85dc639d5e99c78f95393aa9a5f1170d4,2024-12-03,Extreme Greed,3039.166,8,0.875,0.050136894535879405,76.0
0x75f7eeb85dc639d5e99c78f95393aa9a5f1170d4,2024-12-04,Extreme Greed,2237.798674,93,0.7634408602150538,0.0265265662554545,78.0
0x75f7eeb85dc639d5e99c78f95393aa9a5f1170d4,2024-12-12,Extreme Greed,323.34897900000016,52,0.07692307692307693,-0.00965498598807808,83.0
0x75f7eeb85dc639d5e99c78f95393aa9a5f1170d4,2025-01-02,Greed,9609.447365,148,0.7702702702702703,0.022660413843761124,70.0
0x75f7eeb85dc639d5e99c78f95393aa9a5f1170d4,2025-02-01,Greed,3429.9583199999997,53,0.9433962264150944,0.029738380341781716,68.0
0x75f7eeb85dc639d5e99c78f95393aa9a5f1170d4,2025-02-03,Fear,948.6016900000001,12,0.9166666666666666,0.037484593202577986,44.0
0x75f7eeb85dc639d5e99c78f95393aa9a5f1170d4,2025-02-04,Greed,90.98474,11,0.8181818181818182,0.004639842037915082,72.0
0x75f7eeb85dc639d5e99c78f95393aa9a5f1170d4,2025-03-02,Fear,14982.681725,351,0.7492877492877493,0.020762224350584665,26.0
0x75f7eeb85dc639d5e99c78f95393aa9a5f1170d4,2025-03-03,Fear,-370.250064,101,0.6039603960396039,0.0023737653295774156,33.0
0x75f7eeb85dc639d5e99c78f95393aa9a5f1170d4,2025-04-02,Fear,1985.815595,76,0.9736842105263158,0.034490120020160886,44.0
0x75f7eeb85dc639d5e99c78f95393aa9a5f1170d4,2025-05-02,Greed,14.590934,20,0.75,0.0005253032038181248,67.0
0x7f4f299f74eec87806a830e3caa9afa5f2b9db8f,2025-01-01,Greed,0.0,3,0.0,0.0,66.0
0x7f4f299f74eec87806a830e3caa9afa5f2b9db8f,2025-02-01,Greed,1008.518954,9,0.5555555555555556,0.01603189910147943,68.0
0x7f4f299f74eec87806a830e3caa9afa5f2b9db8f,2025-03-01,Extreme Fear,937.789615,26,0.6538461538461539,0.022428919001102103,20.0
0x7f4f299f74eec87806a830e3caa9afa5f2b9db8f,2025-05-01,Neutral,1093.05677,7,1.0,0.09061734974167826,53.0
0x8170715b3b381dffb7062c0298972d4727a0a63b,2025-01-02,Greed,0.0,18,0.0,0.0,70.0
0x8170715b3b381dffb7062c0298972d4727a0a63b,2025-01-04,Greed,4004.50286,13,0.9230769230769231,0.04744735534392324,73.0
0x8170715b3b381dffb7062c0298972d4727a0a63b,2025-02-01,Greed,739.18423,3,1.0,0.24501158130289383,68.0
0x8170715b3b381dffb7062c0298972d4727a0a63b,2025-02-02,Greed,0.0,30,0.0,0.0,60.0
0x8170715b3b381dffb7062c0298972d4727a0a63b,2025-02-03,Fear,0.0,2,0.0,0.0,44.0
0x8170715b3b381dffb7062c0298972d4727a0a63b,2025-02-04,Greed,8045.056928,7,1.0,0.536089088351124,72.0
0x8170715b3b381dffb7062c0298972d4727a0a63b,2025-03-02,Fear,13770.715332,119,0.8067226890756303,0.45819159663865544,26.0
0x8170715b3b381dffb7062c0298972d4727a0a63b,2025-03-03,Fear,0.0,8,0.0,0.0,33.0
0x8170715b3b381dffb7062c0298972d4727a0a63b,2025-03-04,Extreme Fear,0.0,85,0.0,0.0,15.0
0x8170715b3b381dffb7062c0298972d4727a0a63b,2025-04-02,Fear,0.0,45,0.0,0.0,44.0
0x8170715b3b381dffb7062c0298972d4727a0a63b,2025-04-03,Fear,6939.47356,16,0.8125,0.5863756487757055,25.0
0x8170715b3b381dffb7062c0298972d4727a0a63b,2025-04-04,Fear,4805.345609999999,68,0.10294117647058823,0.04946682316694974,28.0
0x8170715b3b381dffb7062c0298972d4727a0a63b,2025-05-02,Greed,0.0,25,0.0,0.0,67.0
0x8381e6d82f1affd39a336e143e081ef7620a3b7f,2024-01-12,Greed,0.0,3,0.0,0.0,71.0
0x8381e6d82f1affd39a336e143e081ef7620a3b7f,2024-02-12,Greed,0.0,6,0.0,0.0,70.0
0x8381e6d82f1affd39a336e143e081ef7620a3b7f,2024-04-12,Extreme Greed,33.26141600000001,10,0.2,0.009998172998694831,79.0
0x8381e6d82f1affd39a336e143e081ef7620a3b7f,2024-05-12,Greed,0.0,2,0.0,0.0,56.0
0x8381e6d82f1affd39a336e143e081ef7620a3b7f,2024-06-12,Greed,0.0,1,0.0,0.0,72.0
0x8381e6d82f1affd39a336e143e081ef7620a3b7f,2024-07-12,Fear,0.0,3,0.0,0.0,25.0
0x8381e6d82f1affd39a336e143e081ef7620a3b7f,2024-08-12,Fear,-21.54374,5,0.0,-0.006333139036333281,25.0
0x8381e6d82f1affd39a336e143e081ef7620a3b7f,2024-09-12,Fear,0.0,4,0.0,0.0,31.0
0x8381e6d82f1affd39a336e143e081ef7620a3b7f,2024-10-12,Neutral,0.0,1,0.0,0.0,49.0
0x8381e6d82f1affd39a336e143e081ef7620a3b7f,2025-01-01,Greed,0.0,5,0.0,0.0,66.0
0x8381e6d82f1affd39a336e143e081ef7620a3b7f,2025-02-02,Greed,0.0,19,0.0,0.0,60.0
0x8381e6d82f1affd39a336e143e081ef7620a3b7f,2025-03-02,Fear,0.0,8,0.0,0.0,26.0
0x8381e6d82f1affd39a336e143e081ef7620a3b7f,2025-04-01,Fear,0.0,2,0.0,0.0,34.0
0x8381e6d82f1affd39a336e143e081ef7620a3b7f,2025-04-02,Fear,9167.620989,104,0.47115384615384615,0.013062803650391844,44.0
0x8381e6d82f1affd39a336e143e081ef7620a3b7f,2025-05-01,Neutral,0.0,1,0.0,0.0,53.0
0x8381e6d82f1affd39a336e143e081ef7620a3b7f,2025-05-02,Greed,1843.301845,327,0.3853211009174312,0.0022541123499860397,67.0
0x8477e447846c758f5a675856001ea72298fd9cb5,2024-01-06,Greed,91.510419,25,0.36,0.005425889771719146,70.0
0x8477e447846c758f5a675856001ea72298fd9cb5,2024-01-08,Greed,167.080017,34,0.11764705882352941,0.0010124470099191097,71.0
0x8477e447846c758f5a675856001ea72298fd9cb5,2024-01-09,Extreme Greed,137.433093,12,0.4166666666666667,0.008313305107223078,76.0
0x8477e447846c758f5a675856001ea72298fd9cb5,2024-01-12,Greed,1169.432253,123,0.44715447154471544,0.008401225839761928,71.0
0x8477e447846c758f5a675856001ea72298fd9cb5,2024-02-06,Greed,192.906947,93,0.3655913978494624,0.0072570025557842175,64.0
0x8477e447846c758f5a675856001ea72298fd9cb5,2024-02-08,Greed,228.247701,15,0.8,0.007356224005705726,66.0
0x8477e447846c758f5a675856001ea72298fd9cb5,2024-02-12,Greed,254.15562,8,0.125,0.014151014685772572,70.0
0x8477e447846c758f5a675856001ea72298fd9cb5,2024-03-06,Extreme Greed,562.808208,70,0.6285714285714286,0.022945963961164995,75.0
0x8477e447846c758f5a675856001ea72298fd9cb5,2024-03-08,Extreme Greed,464.1897,1,1.0,0.1023776987223456,81.0
0x8477e447846c758f5a675856001ea72298fd9cb5,2024-03-12,Extreme Greed,-158.695661,6,0.0,-0.007202799030067676,81.0
0x8477e447846c758f5a675856001ea72298fd9cb5,2024-04-06,Extreme Greed,52.211438,53,0.4716981132075472,0.0019124837185662727,75.0
0x8477e447846c758f5a675856001ea72298fd9cb5,2024-04-08,Extreme Greed,109.005815,17,0.17647058823529413,0.0012020865792377782,76.0
0x8477e447846c758f5a675856001ea72298fd9cb5,2024-05-06,Greed,56.055506,54,0.2962962962962963,0.0011860777024525928,71.0
0x8477e447846c758f5a675856001ea72298fd9cb5,2024-05-08,Greed,160.44369899999998,17,0.4117647058823529,0.003081041141664056,64.0
0x8477e447846c758f5a675856001ea72298fd9cb5,2024-06-06,Extreme Greed,274.173187,234,0.42735042735042733,0.0023120284772964977,78.0
0x8477e447846c758f5a675856001ea72298fd9cb5,2024-07-06,Fear,1573.244278,374,0.39037433155080214,0.004198876851787819,26.0
0x8477e447846c758f5a675856001ea72298fd9cb5,2024-08-06,Extreme Fear,129.13883900000002,22,0.36363636363636365,0.0018441443897299972,17.0
0x8477e447846c758f5a675856001ea72298fd9cb5,2024-09-08,Fear,151.092375,69,0.2463768115942029,0.0010473943945327544,29.0
0x8477e447846c758f5a675856001ea72298fd9cb5,2024-09-11,Fear,102.90894,77,0.24675324675324675,0.002240629587097304,37.0
0x8477e447846c758f5a675856001ea72298fd9cb5,2024-10-06,Neutral,31.266804999999998,49,0.3673469387755102,0.0007558098075613219,50.0
0x8477e447846c758f5a675856001ea72298fd9cb5,2024-10-11,Fear,442.748384,164,0.27439024390243905,0.0023650995908704804,32.0
0x8477e447846c758f5a675856001ea72298fd9cb5,2024-11-06,Greed,51.081143,27,0.3333333333333333,0.0017308067589556992,70.0
0x8477e447846c758f5a675856001ea72298fd9cb5,2024-11-11,Extreme Greed,4876.874304,172,0.45930232558139533,0.012957968106649795,76.0
0x8477e447846c758f5a675856001ea72298fd9cb5,2024-12-06,Greed,-21886.531493,217,0.0967741935483871,-0.05641931976099362,72.0
0x8477e447846c758f5a675856001ea72298fd9cb5,2024-12-11,Greed,1441.27965,91,0.24175824175824176,0.004308170268914457,74.0
0x8477e447846c758f5a675856001ea72298fd9cb5,2025-01-02,Greed,1579.909758,60,0.48333333333333334,0.038882820113334535,70.0
0x8477e447846c758f5a675856001ea72298fd9cb5,2025-01-05,Greed,-200.94846,19,0.0,-0.04179183428115827,72.0
0x8477e447846c758f5a675856001ea72298fd9cb5,2025-02-01,Greed,45.086985,77,0.12987012987012986,0.0025785431856828345,68.0
0x8477e447846c758f5a675856001ea72298fd9cb5,2025-02-02,Greed,1023.934713,60,0.25,0.0262292200876598,60.0
0x8477e447846c758f5a675856001ea72298fd9cb5,2025-03-01,Extreme Fear,909.1721379999999,177,0.1807909604519774,0.009036670303357539,20.0
0x8477e447846c758f5a675856001ea72298fd9cb5,2025-03-02,Fear,1474.607584,138,0.4855072463768116,0.006453316484761673,26.0
0x8477e447846c758f5a675856001ea72298fd9cb5,2025-03-03,Fear,468.35197800000003,68,0.3382352941176471,0.01194623683233045,33.0
0x8477e447846c758f5a675856001ea72298fd9cb5,2025-03-04,Extreme Fear,0.0,6,0.0,0.0,15.0
0x8477e447846c758f5a675856001ea72298fd9cb5,2025-04-01,Fear,30.818079,51,0.0392156862745098,0.001748164476823146,34.0
0x8477e447846c758f5a675856001ea72298fd9cb5,2025-04-02,Fear,0.0,6,0.0,0.0,44.0
0x8477e447846c758f5a675856001ea72298fd9cb5,2025-04-03,Fear,54.2704,8,0.125,0.007177333178158427,25.0
0x8477e447846c758f5a675856001ea72298fd9cb5,2025-04-04,Fear,586.623362,54,0.3148148148148148,0.01534638078990647,28.0
0x8477e447846c758f5a675856001ea72298fd9cb5,2025-05-01,Neutral,151.429584,51,0.17647058823529413,0.01815762622708978,53.0
0x8477e447846c758f5a675856001ea72298fd9cb5,2025-05-02,Greed,554.257954,20,0.6,0.04779108096190276,67.0
0x92f17e8d81a944691c10e753af1b1baae1a2cd0d,2025-02-02,Greed,12245.905048999999,169,0.4437869822485207,0.026563046311472927,60.0
0xa0feb3725a9335f49874d7cd8eaad6be45b27416,2025-01-02,Greed,923.487443,18,1.0,0.03562977585354376,70.0
0xa0feb3725a9335f49874d7cd8eaad6be45b27416,2025-01-05,Greed,1449.529436,288,0.3506944444444444,0.0024846093531755925,72.0
0xa0feb3725a9335f49874d7cd8eaad6be45b27416,2025-02-02,Greed,0.0,29,0.0,0.0,60.0
0xa0feb3725a9335f49874d7cd8eaad6be45b27416,2025-02-03,Fear,625.512206,32,0.5,0.005918680959500847,44.0
0xa0feb3725a9335f49874d7cd8eaad6be45b27416,2025-03-02,Fear,2161.6751200000003,15,0.4,0.011569298894084134,26.0
0xa0feb3725a9335f49874d7cd8eaad6be45b27416,2025-03-03,Fear,60.171373,176,0.08522727272727272,0.0011129917282205533,33.0
0xa0feb3725a9335f49874d7cd8eaad6be45b27416,2025-04-02,Fear,4624.583773,731,0.18878248974008208,0.0035715283567416523,44.0
0xa0feb3725a9335f49874d7cd8eaad6be45b27416,2025-04-03,Fear,0.0,40,0.0,0.0,25.0
0xa0feb3725a9335f49874d7cd8eaad6be45b27416,2025-05-02,Greed,-6194.283149,368,0.12228260869565218,0.0010321455775457445,67.0
0xa520ded057a32086c40e7dd6ed4eb8efb82c00e0,2024-01-12,Greed,34709.852428,61,0.8032786885245902,0.6645413354294963,71.0
0xa520ded057a32086c40e7dd6ed4eb8efb82c00e0,2024-03-08,Extreme Greed,0.0,16,0.0,0.0,81.0
0xa520ded057a32086c40e7dd6ed4eb8efb82c00e0,2024-03-12,Extreme Greed,0.0,34,0.0,0.0,81.0
0xa520ded057a32086c40e7dd6ed4eb8efb82c00e0,2024-04-08,Extreme Greed,-14176.51042,10,0.0,-0.02111065745942716,76.0
0xa520ded057a32086c40e7dd6ed4eb8efb82c00e0,2024-05-08,Greed,0.0,2,0.0,0.0,64.0
0xa520ded057a32086c40e7dd6ed4eb8efb82c00e0,2024-07-08,Fear,0.0,1,0.0,0.0,28.0
0xa520ded057a32086c40e7dd6ed4eb8efb82c00e0,2024-07-11,Fear,3360.9281,95,0.5052631578947369,0.1698020918147829,29.0
0xa520ded057a32086c40e7dd6ed4eb8efb82c00e0,2024-08-08,Extreme Fear,-40.712216999999995,4,0.0,-0.06666370935995378,20.0
0xa520ded057a32086c40e7dd6ed4eb8efb82c00e0,2024-08-09,Neutral,0.0,1,0.0,0.0,48.0
0xa520ded057a32086c40e7dd6ed4eb8efb82c00e0,2024-09-08,Fear,0.0,2,0.0,0.0,29.0
0xa520ded057a32086c40e7dd6ed4eb8efb82c00e0,2024-10-09,Neutral,-219.729659,2,0.0,-0.1233435337559849,49.0
0xa520ded057a32086c40e7dd6ed4eb8efb82c00e0,2024-10-12,Neutral,0.0,8,0.0,0.0,49.0
0xa520ded057a32086c40e7dd6ed4eb8efb82c00e0,2024-11-12,Extreme Greed,994.238977,15,1.0,0.4021923836076507,80.0
0xa520ded057a32086c40e7dd6ed4eb8efb82c00e0,2024-12-12,Extreme Greed,2512.437585,4,1.0,0.5689082180366616,83.0
0xa520ded057a32086c40e7dd6ed4eb8efb82c00e0,2025-03-02,Fear,20.596691,1,1.0,0.020598544869038213,26.0
0xa520ded057a32086c40e7dd6ed4eb8efb82c00e0,2025-04-01,Fear,556.803152,5,1.0,0.522646128585939,34.0
0xae5eacaf9c6b9111fd53034a602c192a04e082ed,2024-02-12,Greed,0.0,44,0.0,0.0,70.0
0xae5eacaf9c6b9111fd53034a602c192a04e082ed,2024-03-12,Extreme Greed,20925.513222,145,0.7241379310344828,0.0654769447660393,81.0
0xae5eacaf9c6b9111fd53034a602c192a04e082ed,2024-04-12,Extreme Greed,0.0,1,0.0,0.0,79.0
0xae5eacaf9c6b9111fd53034a602c192a04e082ed,2025-04-03,Fear,0.0,21,0.0,0.0,25.0
0xaf40fdc468c30116bd3307bcbf4a451a7ebf1deb,2024-09-12,Fear,0.0,4,0.0,0.0,31.0
0xaf40fdc468c30116bd3307bcbf4a451a7ebf1deb,2024-11-12,Extreme Greed,39.7705,1,1.0,0.005555609880116559,80.0
0xaf40fdc468c30116bd3307bcbf4a451a7ebf1deb,2024-12-12,Extreme Greed,15.24474,1,1.0,0.019750398383147422,83.0
0xaf40fdc468c30116bd3307bcbf4a451a7ebf1deb,2025-03-04,Extreme Fear,2020.0,8,0.125,0.001445169413919414,15.0
0xb1231a4a2dd02f2276fa3c5e2a2f3436e6bfed23,2023-05-12,Neutral,0.0,9,0.0,0.0,49.0
0xb1231a4a2dd02f2276fa3c5e2a2f3436e6bfed23,2024-01-01,Greed,-129.53146,18,0.05555555555555555,-0.0013542542015655766,65.0
0xb1231a4a2dd02f2276fa3c5e2a2f3436e6bfed23,2024-01-02,Greed,0.0,6,0.0,0.0,71.0
0xb1231a4a2dd02f2276fa3c5e2a2f3436e6bfed23,2024-01-07,Greed,3863.351096,51,0.3333333333333333,0.008129991131007139,71.0
0xb1231a4a2dd02f2276fa3c5e2a2f3436e6bfed23,2024-01-08,Greed,0.0,9,0.0,0.0,71.0
0xb1231a4a2dd02f2276fa3c5e2a2f3436e6bfed23,2024-02-01,Greed,783.979116,17,0.47058823529411764,0.05840668851694138,63.0
0xb1231a4a2dd02f2276fa3c5e2a2f3436e6bfed23,2024-02-02,Greed,456.423473,42,0.30952380952380953,0.02222314402296727,63.0
0xb1231a4a2dd02f2276fa3c5e2a2f3436e6bfed23,2024-02-03,Greed,-1443.814567,7,0.0,-0.48776092560866147,60.0
0xb1231a4a2dd02f2276fa3c5e2a2f3436e6bfed23,2024-02-04,Greed,0.0,4,0.0,0.0,60.0
0xb1231a4a2dd02f2276fa3c5e2a2f3436e6bfed23,2024-02-07,Greed,2421.253116,18,0.7222222222222222,0.04432659383288111,62.0
0xb1231a4a2dd02f2276fa3c5e2a2f3436e6bfed23,2024-02-08,Greed,554.12049,12,0.4166666666666667,0.006498298661749182,66.0
0xb1231a4a2dd02f2276fa3c5e2a2f3436e6bfed23,2024-03-01,Extreme Greed,866.015507,67,0.417910447761194,0.002397618079399435,80.0
0xb1231a4a2dd02f2276fa3c5e2a2f3436e6bfed23,2024-03-02,Extreme Greed,223.30918699999998,56,0.10714285714285714,4.5027308990477445e-05,80.0
0xb1231a4a2dd02f2276fa3c5e2a2f3436e6bfed23,2024-03-04,Extreme Greed,0.0,2,0.0,0.0,82.0
0xb1231a4a2dd02f2276fa3c5e2a2f3436e6bfed23,2024-03-05,Extreme Greed,0.0,6,0.0,0.0,90.0
0xb1231a4a2dd02f2276fa3c5e2a2f3436e6bfed23,2024-03-07,Extreme Greed,0.0,8,0.0,0.0,82.0
0xb1231a4a2dd02f2276fa3c5e2a2f3436e6bfed23,2024-03-08,Extreme Greed,0.0,6,0.0,0.0,81.0
0xb1231a4a2dd02f2276fa3c5e2a2f3436e6bfed23,2024-04-01,Extreme Greed,-67.60364,5,0.0,-0.0008049010045008357,79.0
0xb1231a4a2dd02f2276fa3c5e2a2f3436e6bfed23,2024-04-02,Extreme Greed,47.62389499999999,35,0.2571428571428571,-0.011097791996846303,79.0
0xb1231a4a2dd02f2276fa3c5e2a2f3436e6bfed23,2024-04-03,Greed,1026.004099,13,1.0,0.21063445044945717,71.0
0xb1231a4a2dd02f2276fa3c5e2a2f3436e6bfed23,2024-04-05,Extreme Greed,0.0,3,0.0,0.0,79.0
0xb1231a4a2dd02f2276fa3c5e2a2f3436e6bfed23,2024-04-07,Extreme Greed,0.0,11,0.0,0.0,78.0
0xb1231a4a2dd02f2276fa3c5e2a2f3436e6bfed23,2024-04-08,Extreme Greed,0.0,27,0.0,0.0,76.0
0xb1231a4a2dd02f2276fa3c5e2a2f3436e6bfed23,2024-04-09,Extreme Greed,1065.785132,33,0.15151515151515152,0.006464796181804443,80.0
0xb1231a4a2dd02f2276fa3c5e2a2f3436e6bfed23,2024-04-10,Extreme Greed,0.0,1,0.0,0.0,78.0
0xb1231a4a2dd02f2276fa3c5e2a2f3436e6bfed23,2024-04-12,Extreme Greed,274999.139393,44,1.0,0.9999996472000777,79.0
0xb1231a4a2dd02f2276fa3c5e2a2f3436e6bfed23,2024-05-01,Neutral,164.141565,66,0.19696969696969696,0.00011133406489917906,54.0
0xb1231a4a2dd02f2276fa3c5e2a2f3436e6bfed23,2024-05-02,Fear,-33.45419400000003,72,0.19444444444444445,-0.0006308077590253504,43.0
0xb1231a4a2dd02f2276fa3c5e2a2f3436e6bfed23,2024-05-04,Greed,965.5522159999999,8,1.0,0.030131802444720805,67.0
0xb1231a4a2dd02f2276fa3c5e2a2f3436e6bfed23,2024-05-07,Greed,0.0,12,0.0,0.0,68.0
0xb1231a4a2dd02f2276fa3c5e2a2f3436e6bfed23,2024-05-08,Greed,-8394.889856,44,0.5909090909090909,-0.00674865892973871,64.0
0xb1231a4a2dd02f2276fa3c5e2a2f3436e6bfed23,2024-05-12,Greed,49999.876084999996,4,1.0,0.9999992391596718,56.0
0xb1231a4a2dd02f2276fa3c5e2a2f3436e6bfed23,2024-06-01,Greed,135.58166400000002,22,0.45454545454545453,0.0010863750305640863,72.0
0xb1231a4a2dd02f2276fa3c5e2a2f3436e6bfed23,2024-06-02,Greed,-215.615907,1088,0.1645220588235294,-0.00013064640288997778,73.0
0xb1231a4a2dd02f2276fa3c5e2a2f3436e6bfed23,2024-06-07,Extreme Greed,108.87217799999999,24,0.2916666666666667,0.021289193575074875,77.0
0xb1231a4a2dd02f2276fa3c5e2a2f3436e6bfed23,2024-06-08,Greed,51.56325,80,0.0625,0.006405004011626188,72.0
0xb1231a4a2dd02f2276fa3c5e2a2f3436e6bfed23,2024-06-09,Extreme Greed,-1104.856765,38,0.0,-0.27523836121909023,75.0
0xb1231a4a2dd02f2276fa3c5e2a2f3436e6bfed23,2024-06-12,Greed,74999.848329,25,1.0,1.0000071516982951,72.0
0xb1231a4a2dd02f2276fa3c5e2a2f3436e6bfed23,2024-07-01,Neutral,-835.681235,97,0.09278350515463918,-0.001465990099491163,53.0
0xb1231a4a2dd02f2276fa3c5e2a2f3436e6bfed23,2024-07-02,Neutral,241.24212,15,0.13333333333333333,0.01816107888064849,51.0
0xb1231a4a2dd02f2276fa3c5e2a2f3436e6bfed23,2024-07-05,Fear,227.320653,7,0.2857142857142857,0.013610412493024323,29.0
0xb1231a4a2dd02f2276fa3c5e2a2f3436e6bfed23,2024-07-06,Fear,0.0,14,0.0,0.0,26.0
0xb1231a4a2dd02f2276fa3c5e2a2f3436e6bfed23,2024-07-07,Fear,61.428942,10,1.0,0.12316580454607151,29.0
0xb1231a4a2dd02f2276fa3c5e2a2f3436e6bfed23,2024-07-08,Fear,188.789255,21,0.47619047619047616,0.07719107572883514,28.0
0xb1231a4a2dd02f2276fa3c5e2a2f3436e6bfed23,2024-07-12,Fear,74999.62263,5,0.6,0.5999995410381049,25.0
0xb1231a4a2dd02f2276fa3c5e2a2f3436e6bfed23,2024-08-01,Neutral,-269.874439,128,0.25,-0.0011168976466750333,52.0
0xb1231a4a2dd02f2276fa3c5e2a2f3436e6bfed23,2024-08-02,Greed,770.756024,10,0.4,0.021876787200337006,57.0
0xb1231a4a2dd02f2276fa3c5e2a2f3436e6bfed23,2024-08-07,Fear,0.0,1,0.0,0.0,29.0
0xb1231a4a2dd02f2276fa3c5e2a2f3436e6bfed23,2024-08-08,Extreme Fear,0.0,5,0.0,0.0,20.0
0xb1231a4a2dd02f2276fa3c5e2a2f3436e6bfed23,2024-08-10,Fear,0.0,1,0.0,0.0,40.0
0xb1231a4a2dd02f2276fa3c5e2a2f3436e6bfed23,2024-08-12,Fear,0.0,145,0.0,0.0,25.0
0xb1231a4a2dd02f2276fa3c5e2a2f3436e6bfed23,2024-09-01,Fear,-826.349863,70,0.2571428571428571,-0.0017713843017607347,26.0
0xb1231a4a2dd02f2276fa3c5e2a2f3436e6bfed23,2024-09-05,Fear,0.0,3,0.0,0.0,29.0
0xb1231a4a2dd02f2276fa3c5e2a2f3436e6bfed23,2024-09-06,Extreme Fear,0.0,12,0.0,0.0,22.0
0xb1231a4a2dd02f2276fa3c5e2a2f3436e6bfed23,2024-09-07,Extreme Fear,648.984412,15,1.0,0.23227538475115375,23.0
0xb1231a4a2dd02f2276fa3c5e2a2f3436e6bfed23,2024-09-08,Fear,6783.078347,60,0.2833333333333333,0.012564024803749557,29.0
0xb1231a4a2dd02f2276fa3c5e2a2f3436e6bfed23,2024-09-09,Fear,0.0,2,0.0,0.0,26.0
0xb1231a4a2dd02f2276fa3c5e2a2f3436e6bfed23,2024-10-01,Neutral,-1517.091342,193,0.21243523316062177,0.0010943820455426747,50.0
0xb1231a4a2dd02f2276fa3c5e2a2f3436e6bfed23,2024-10-07,Neutral,382.10788099999996,13,0.38461538461538464,0.15049596415036368,50.0
0xb1231a4a2dd02f2276fa3c5e2a2f3436e6bfed23,2024-10-08,Neutral,0.0,87,0.0,0.0,49.0
0xb1231a4a2dd02f2276fa3c5e2a2f3436e6bfed23,2024-10-09,Neutral,0.0,1,0.0,0.0,49.0
0xb1231a4a2dd02f2276fa3c5e2a2f3436e6bfed23,2024-11-01,Extreme Greed,-164.08950099999998,19,0.2631578947368421,-0.0006027856372184407,75.0
0xb1231a4a2dd02f2276fa3c5e2a2f3436e6bfed23,2024-11-02,Greed,983.443176,34,0.20588235294117646,0.022215468919317485,72.0
0xb1231a4a2dd02f2276fa3c5e2a2f3436e6bfed23,2024-11-06,Greed,4269.550668,75,0.10666666666666667,0.018223238273580803,70.0
0xb1231a4a2dd02f2276fa3c5e2a2f3436e6bfed23,2024-11-08,Extreme Greed,0.0,16,0.0,0.0,75.0
0xb1231a4a2dd02f2276fa3c5e2a2f3436e6bfed23,2024-11-12,Extreme Greed,274998.942584,156,1.0,0.9999917541277085,80.0
0xb1231a4a2dd02f2276fa3c5e2a2f3436e6bfed23,2024-12-01,Extreme Greed,-1925.519024,7,0.0,-0.005690485972448286,81.0
0xb1231a4a2dd02f2276fa3c5e2a2f3436e6bfed23,2024-12-02,Extreme Greed,913.8817869999998,16,0.375,-0.004654407836883517,80.0
0xb1231a4a2dd02f2276fa3c5e2a2f3436e6bfed23,2024-12-04,Extreme Greed,-2830.444513,15,0.0,-0.09331537751128106,78.0
0xb1231a4a2dd02f2276fa3c5e2a2f3436e6bfed23,2024-12-05,Extreme Greed,0.0,13,0.0,0.0,84.0
0xb1231a4a2dd02f2276fa3c5e2a2f3436e6bfed23,2024-12-06,Greed,0.0,37,0.0,0.0,72.0
0xb1231a4a2dd02f2276fa3c5e2a2f3436e6bfed23,2024-12-07,Extreme Greed,1412.314654,9,1.0,0.10423197847849962,75.0
0xb1231a4a2dd02f2276fa3c5e2a2f3436e6bfed23,2024-12-08,Extreme Greed,0.0,31,0.0,0.0,79.0
0xb1231a4a2dd02f2276fa3c5e2a2f3436e6bfed23,2024-12-12,Extreme Greed,449328.107544,314,1.0,0.9999929143357507,83.0
0xb1231a4a2dd02f2276fa3c5e2a2f3436e6bfed23,2025-01-02,Greed,15452.344326,11,0.2727272727272727,0.40565524233952444,70.0
0xb1231a4a2dd02f2276fa3c5e2a2f3436e6bfed23,2025-01-05,Greed,102460.17164,73,0.7808219178082192,0.4966892995556788,72.0
0xb1231a4a2dd02f2276fa3c5e2a2f3436e6bfed23,2025-02-01,Greed,0.0,6,0.0,0.0,68.0
0xb1231a4a2dd02f2276fa3c5e2a2f3436e6bfed23,2025-02-02,Greed,69051.70619,88,0.8068181818181818,0.07357910343206361,60.0
0xb1231a4a2dd02f2276fa3c5e2a2f3436e6bfed23,2025-03-01,Extreme Fear,0.0,18,0.0,0.0,20.0
0xb1231a4a2dd02f2276fa3c5e2a2f3436e6bfed23,2025-03-02,Fear,46742.288748,258,0.3449612403100775,0.0827511328943956,26.0
0xb1231a4a2dd02f2276fa3c5e2a2f3436e6bfed23,2025-03-04,Extreme Fear,0.0,9,0.0,0.0,15.0
0xb1231a4a2dd02f2276fa3c5e2a2f3436e6bfed23,2025-04-01,Fear,1659.7995640000001,19,0.6842105263157895,0.05220470103183966,34.0
0xb1231a4a2dd02f2276fa3c5e2a2f3436e6bfed23,2025-04-02,Fear,16102.444634,661,0.3600605143721634,0.010833096777511625,44.0
0xb1231a4a2dd02f2276fa3c5e2a2f3436e6bfed23,2025-04-03,Fear,0.0,77,0.0,0.0,25.0
0xb1231a4a2dd02f2276fa3c5e2a2f3436e6bfed23,2025-04-04,Fear,2242.086667,99,0.6565656565656566,0.018589179908610816,28.0
0xb1231a4a2dd02f2276fa3c5e2a2f3436e6bfed23,2025-05-01,Neutral,956.5545050000001,33,0.9696969696969697,0.08637644871100222,53.0
0xb1231a4a2dd02f2276fa3c5e2a2f3436e6bfed23,2025-05-02,Greed,14644.100674,218,0.42201834862385323,0.03416425558952292,67.0
0xb899e522b5715391ae1d4f137653e7906c5e2115,2025-02-03,Fear,34795.678173,155,0.4838709677419355,0.016419168474742417,44.0
0xb899e522b5715391ae1d4f137653e7906c5e2115,2025-03-03,Fear,535.4072209999999,31,0.45161290322580644,0.001005418312418388,33.0
0xb899e522b5715391ae1d4f137653e7906c5e2115,2025-03-04,Extreme Fear,361.071464,24,0.2916666666666667,0.0003300423852207849,15.0
0xb899e522b5715391ae1d4f137653e7906c5e2115,2025-04-03,Fear,4578.655427,124,0.5080645161290323,0.002237890655409562,25.0
0xb899e522b5715391ae1d4f137653e7906c5e2115,2025-04-04,Fear,0.0,6,0.0,0.0,28.0
0xbaaaf6571ab7d571043ff1e313a9609a10637864,2025-01-05,Greed,1.86032,1,1.0,0.4770051282051282,72.0
0xbaaaf6571ab7d571043ff1e313a9609a10637864,2025-02-04,Greed,188114.980392,743,1.0,0.06623155149545733,72.0
0xbaaaf6571ab7d571043ff1e313a9609a10637864,2025-03-04,Extreme Fear,3869.208803,937,0.5080042689434365,0.0010477014487834848,15.0
0xbaaaf6571ab7d571043ff1e313a9609a10637864,2025-04-03,Fear,0.0,563,0.0,0.0,25.0
0xbaaaf6571ab7d571043ff1e313a9609a10637864,2025-04-04,Fear,9367.872074,318,0.6792452830188679,0.016917143792260815,28.0
0xbd5fead7180a9c139fa51a103cb6a2ce86ddb5c3,2024-10-12,Neutral,0.0,52,0.0,0.0,49.0
0xbd5fead7180a9c139fa51a103cb6a2ce86ddb5c3,2024-11-12,Extreme Greed,0.0,17,0.0,0.0,80.0
0xbd5fead7180a9c139fa51a103cb6a2ce86ddb5c3,2024-12-12,Extreme Greed,0.0,1,0.0,0.0,83.0
0xbd5fead7180a9c139fa51a103cb6a2ce86ddb5c3,2025-01-04,Greed,-9311.892185,28,0.0,-0.0849709779540417,73.0
0xbd5fead7180a9c139fa51a103cb6a2ce86ddb5c3,2025-01-05,Greed,-113601.02013799999,116,0.008620689655172414,-0.07338139015895753,72.0
0xbd5fead7180a9c139fa51a103cb6a2ce86ddb5c3,2025-02-03,Fear,-2632.65866,84,0.0,-0.0069016904155789465,44.0
0xbd5fead7180a9c139fa51a103cb6a2ce86ddb5c3,2025-02-04,Greed,2676.6850000000004,66,0.9393939393939394,0.002502760777183089,72.0
0xbd5fead7180a9c139fa51a103cb6a2ce86ddb5c3,2025-03-01,Extreme Fear,0.0,61,0.0,0.0,20.0
0xbd5fead7180a9c139fa51a103cb6a2ce86ddb5c3,2025-03-02,Fear,160022.95082600001,69,1.0,0.7143276087603055,26.0
0xbd5fead7180a9c139fa51a103cb6a2ce86ddb5c3,2025-03-03,Fear,57561.35367,136,0.8235294117647058,0.040405691441734774,33.0
0xbd5fead7180a9c139fa51a103cb6a2ce86ddb5c3,2025-03-04,Extreme Fear,-5862.0887760000005,12,0.0,-0.06916942623991368,15.0
0xbd5fead7180a9c139fa51a103cb6a2ce86ddb5c3,2025-04-02,Fear,0.0,18,0.0,0.0,44.0
0xbd5fead7180a9c139fa51a103cb6a2ce86ddb5c3,2025-04-03,Fear,0.0,2,0.0,0.0,25.0
0xbd5fead7180a9c139fa51a103cb6a2ce86ddb5c3,2025-04-04,Fear,-43753.361578,132,0.18181818181818182,-0.07855456235495238,28.0
0xbee1707d6b44d4d52bfe19e41f8a828645437aab,2024-08-12,Fear,15206.395076,92,0.9130434782608695,0.06029822343659691,25.0
0xbee1707d6b44d4d52bfe19e41f8a828645437aab,2024-09-12,Fear,2397.068675,143,0.06293706293706294,0.0009103980570236109,31.0
0xbee1707d6b44d4d52bfe19e41f8a828645437aab,2024-10-12,Neutral,26600.990442,928,0.5765086206896551,0.022345236260834175,49.0
0xbee1707d6b44d4d52bfe19e41f8a828645437aab,2024-11-12,Extreme Greed,24663.690943,530,0.9792452830188679,0.033141987702636384,80.0
0xbee1707d6b44d4d52bfe19e41f8a828645437aab,2024-12-12,Extreme Greed,130826.491662,1041,0.8146013448607109,0.10709628185901583,83.0
0xbee1707d6b44d4d52bfe19e41f8a828645437aab,2025-01-02,Greed,2954.521713,187,0.7112299465240641,0.01856930416779793,70.0
0xbee1707d6b44d4d52bfe19e41f8a828645437aab,2025-01-03,Greed,446.358633,51,0.3137254901960784,0.006178543199431508,74.0
0xbee1707d6b44d4d52bfe19e41f8a828645437aab,2025-01-04,Greed,147.445788,35,0.7714285714285715,0.005904577918281995,73.0
0xbee1707d6b44d4d52bfe19e41f8a828645437aab,2025-01-05,Greed,1364.022527,131,0.3282442748091603,0.004638429507536009,72.0
0xbee1707d6b44d4d52bfe19e41f8a828645437aab,2025-02-02,Greed,-329.680689,131,0.2900763358778626,-0.0016000081738315782,60.0
0xbee1707d6b44d4d52bfe19e41f8a828645437aab,2025-02-03,Fear,2576.6453030000002,102,0.5392156862745098,0.012064109731582884,44.0
0xbee1707d6b44d4d52bfe19e41f8a828645437aab,2025-02-04,Greed,1842.839943,118,0.6440677966101694,0.01751657623408212,72.0
0xbee1707d6b44d4d52bfe19e41f8a828645437aab,2025-03-02,Fear,5803.573999,325,0.4246153846153846,0.00883878645087266,26.0
0xbee1707d6b44d4d52bfe19e41f8a828645437aab,2025-03-03,Fear,2448.046511,73,0.6575342465753424,0.02178352579762218,33.0
0xbee1707d6b44d4d52bfe19e41f8a828645437aab,2025-03-04,Extreme Fear,-3368.876326,261,0.0,-0.008903186214427558,15.0
0xbee1707d6b44d4d52bfe19e41f8a828645437aab,2025-04-02,Fear,806.765131,248,0.2862903225806452,0.0055716625308541495,44.0
0xbee1707d6b44d4d52bfe19e41f8a828645437aab,2025-04-03,Fear,-4934.6700519999995,979,0.38508682328907046,-0.0005708292829443431,25.0
0xbee1707d6b44d4d52bfe19e41f8a828645437aab,2025-04-04,Fear,-4513.160132,326,0.15950920245398773,-0.014424613294947045,28.0
0xbee1707d6b44d4d52bfe19e41f8a828645437aab,2025-05-02,Greed,713.82809,14,0.7857142857142857,0.02050185814103998,67.0
